"","M2","df","p","RMSEA","RMSEA_5","RMSEA_95","SRMSR","TLI","CFI"
"stats",37522.2368920502,6102,0,0.0813017506119565,0.0804609303492388,0.0820403411455588,0.108109205464852,0.656760938638059,0.669019476543843
