"","M2","df","p","RMSEA","RMSEA_5","RMSEA_95","SRMSR","TLI","CFI"
"stats",37048.3882258904,6102,0,0.0806863656967634,0.0798454085544682,0.0814258891847826,0.155235729607078,0.625056176526569,0.638447027364906
