"","M2","df","p","RMSEA","RMSEA_5","RMSEA_95","SRMSR","TLI","CFI"
"stats",36281.117780097,6102,0,0.0796798374617439,0.0788386303096021,0.0804209128008055,0.117974155253692,0.604756178592049,0.618872029356618
