"","M2","df","p","RMSEA","RMSEA_5","RMSEA_95","SRMSR","TLI","CFI"
"stats",35102.0146617636,6102,0,0.0781077771037898,0.0772661111215035,0.0788513440068958,0.11974992302503,0.652281943894693,0.664700445898454
