"","M2","df","p","RMSEA","RMSEA_5","RMSEA_95","SRMSR","TLI","CFI"
"stats",30423.0195770379,5353,0,0.0775371771790563,0.0766417940093345,0.0783354894478747,0.121875701665998,0.623601811151346,0.637940789774152
