"","M2","df","p","RMSEA","RMSEA_5","RMSEA_95","SRMSR","TLI","CFI"
"stats",37315.1429629021,6102,0,0.081033373664328,0.0801924951764749,0.0817723695961117,0.0982026283194866,0.599544664622771,0.613846640886244
