"","M2","df","p","RMSEA","RMSEA_5","RMSEA_95","SRMSR","TLI","CFI"
"stats",35172.8331918084,6102,0,0.0782030892122528,0.0773614535235525,0.0789465026064873,0.119383023968073,0.677982911895444,0.689483522184893
