"","M2","df","p","RMSEA","RMSEA_5","RMSEA_95","SRMSR","TLI","CFI"
"stats",32135.2782488434,6102,0,0.0740047506433304,0.0731614474907988,0.0747552550507661,0.103162013093505,0.651534082481725,0.663979293821664
