"","M2","df","p","RMSEA","RMSEA_5","RMSEA_95","SRMSR","TLI","CFI"
"stats",37779.3016230432,6102,0,0.0816336583365768,0.080792906993841,0.0823717505546364,0.123458748149411,0.627444145086576,0.640749711333484
