"","M2","df","p","RMSEA","RMSEA_5","RMSEA_95","SRMSR","TLI","CFI"
"stats",42966.3731033839,6102,0,0.0880640381386177,0.0872240192487757,0.0887930747314409,0.110538506810822,0.511541096084237,0.528986056938371
