"","M2","df","p","RMSEA","RMSEA_5","RMSEA_95","SRMSR","TLI","CFI"
"stats",31112.963515782,6102,0,0.0725371320956015,0.0716930691679449,0.0732902898719107,0.0927753079921271,0.661231294126131,0.67333017647877
