"","M2","df","p","RMSEA","RMSEA_5","RMSEA_95","SRMSR","TLI","CFI"
"stats",31784.822579821,6102,0,0.0735049430297266,0.0726613922548087,0.0742563400860414,0.0914171320678391,0.606247677822709,0.620310260757612
