"Model_Name","Theta_CAT","Theta_WLE","RMSE","SE","Num_Items","Time_Taken_Sec"
"MaziyarPanahi/calme-3.2-instruct-78b",2.35167036689938,2.32524910499428,0.0264212619051047,0.0255614177569953,30,53.8082411289215
"MaziyarPanahi/calme-3.1-instruct-78b",2.77989410865015,2.58618143865323,0.193712669996922,0.0756708845746861,44,79.3852953910828
"MaziyarPanahi/calme-2.4-rys-78b",2.61599133086627,2.34132015199013,0.274671178876144,0.059059772613745,30,54.4102110862732
