"Model_Name","Theta_CAT","Theta_WLE","RMSE","SE","Num_Items"
"MaziyarPanahi/calme-3.2-instruct-78b",2.35167036689938,2.32524910499428,0.0264212619051047,0.0255614177569953,30
"MaziyarPanahi/calme-3.1-instruct-78b",2.73238574300962,2.58618143865323,0.146204304356389,0.0485760598816133,58
"MaziyarPanahi/calme-2.4-rys-78b",2.67845421056572,2.34132015199013,0.337134058575591,0.0497989853143648,34
