"","M2","df","p","RMSEA","RMSEA_5","RMSEA_95","SRMSR","TLI","CFI"
"stats",112571.509022349,5148,0,0.0671046141426801,0.0667569304264389,0.0674384117051081,0.0720267381868945,0.941310559239129,0.943589760822075
"stats",121286.822687503,5148,0,0.0697736473296504,0.0694259647677235,0.0701068475354111,0.0699273110353827,0.922668836239719,0.92567198823041
"stats",97312.4674392114,5148,0,0.0621562028147263,0.0618084143124151,0.0624912142095665,0.0770234642973991,0.928601422582387,0.93137418287045
"stats",136465.997624228,5250,0,0.0734405172372516,0.0730961001671235,0.0737696242655177,0.0838836775444822,0.899063180951334,0.902945366299359
"stats",143994.511895163,5250,0,0.0755179583681659,0.0751734896653093,0.0758466553393955,0.0874581188784421,0.903288958324046,0.907008613773121
"stats",110335.905448736,5250,0,0.0657225747240564,0.0653781983291765,0.0660533624801027,0.0848920672451852,0.891961368699258,0.896116700672364
